normalized_variant_id,gene_symbol,label,review_stars,review_group,delta_primary,classifier_score,calibrated_probability,prediction,error
GRCh38:2:168979878:C>T,ABCB11,0,2,2 stars,-0.00020456314086914062,0.2773283154576598,0.0024630541871921183,0,0
GRCh38:10:110831198:C>T,RBM20,0,2,2 stars,-0.00040334463119506836,0.2773285584218068,0.02247191011235955,0,0
GRCh38:22:38739414:T>C,SUN2,0,2,2 stars,-0.0007443428039550781,0.27732896016954267,0.13846153846153847,0,0
GRCh38:19:49166188:C>T,TRPM4,0,2,2 stars,-0.00047776103019714355,0.27732864087099945,0.02247191011235955,0,0
GRCh38:2:218343666:C>T,PNKD,0,2,2 stars,-7.179379463195801e-05,0.27732815848834785,0.0,0,0
GRCh38:5:157333408:A>G,CYFIP2,0,2,2 stars,-0.0007578134536743164,0.27732897888969604,0.13846153846153847,0,0
GRCh38:8:144052186:A>C,OPLAH,0,2,2 stars,0.00016745924949645996,0.27732787271108417,0.0,0,0
GRCh38:19:33302028:G>T,CEBPA,0,2,2 stars,-0.000625908374786377,0.2773288183113361,0.041666666666666664,0,0
GRCh38:18:79736477:A>G,CTDP1,0,2,2 stars,5.0127506256103516e-05,0.27732801101419974,0.0,0,0
GRCh38:14:74486378:G>T,NPC2,1,2,2 stars,-0.006680905818939209,0.27733614969105524,0.9743589743589743,1,0
GRCh38:1:2504320:G>A,PLCH2,0,2,2 stars,-0.0004507899284362793,0.27732861795231706,0.02247191011235955,0,0
GRCh38:14:70023317:C>T,SMOC1,0,2,2 stars,-0.0004757046699523926,0.27732863814902037,0.02247191011235955,0,0
GRCh38:13:51369170:T>C,INTS6,0,2,2 stars,-0.0006855130195617676,0.2773288920580633,0.12121212121212122,0,0
GRCh38:11:63659256:T>A,ATL3,0,2,2 stars,-0.0001628398895263672,0.27732826606656313,0.0024630541871921183,0,0
GRCh38:4:110476508:A>G,ENPEP,0,2,2 stars,-0.0003600120544433594,0.2773285010928635,0.004750593824228029,0,0
GRCh38:15:51622465:G>A,DMXL2,0,2,2 stars,-0.0003529191017150879,0.27732849326395975,0.004750593824228029,0,0
GRCh38:11:19892587:C>T,NAV2,0,2,2 stars,0.00025957822799682617,0.27732776154671046,0.0,0,0
GRCh38:2:108751881:G>T,RANBP2,0,2,2 stars,0.0002225041389465332,0.2773278102705807,0.0,0,0
GRCh38:21:33241950:T>G,IFNAR2,0,2,2 stars,-0.0005150139331817627,0.27732868628254603,0.02247191011235955,0,0
GRCh38:1:206772430:G>A,IL10,0,2,2 stars,-0.0006314516067504883,0.277328823886291,0.041666666666666664,0,0
GRCh38:18:37264705:C>T,CELF4,0,2,2 stars,0.00014060735702514648,0.27732790325946466,0.0,0,0
GRCh38:2:26273752:T>C,HADHB,1,2,2 stars,-0.0012801289558410645,0.27732960204097795,0.38461538461538464,0,1
GRCh38:3:53749476:G>A,CACNA1D,0,2,2 stars,0.0001690387725830078,0.27732786870597553,0.0,0,0
GRCh38:X:150639027:G>A,MTM1,1,2,2 stars,-0.00912618637084961,0.2773390456889882,0.9896907216494846,1,0
GRCh38:2:218688780:T>C,STK36,0,2,2 stars,0.00020313262939453125,0.27732783001658434,0.0,0,0
GRCh38:1:201324857:G>A,PKP1,0,2,2 stars,-5.781650543212891e-06,0.27732807852477576,0.0,0,0
GRCh38:20:36446907:G>A,DLGAP4,0,2,2 stars,-0.00038871169090270996,0.2773285436394798,0.004750593824228029,0,0
GRCh38:16:68355767:G>A,PRMT7,0,2,2 stars,-0.0013552308082580566,0.2773296960322254,0.5652173913043478,1,1
GRCh38:9:78253115:T>C,CEP78,0,2,2 stars,-0.00011426210403442383,0.2773282101608797,0.0024630541871921183,0,0
GRCh38:20:63946593:C>T,UCKL1,0,2,2 stars,-0.0004609227180480957,0.27732862273079334,0.02247191011235955,0,0
GRCh38:3:58410115:A>T,PXK,0,2,2 stars,-0.0011191964149475098,0.27732941197069605,0.3493975903614458,0,0
GRCh38:13:27924542:C>G,PDX1,0,2,2 stars,8.541345596313477e-05,0.2773279687762542,0.0,0,0
GRCh38:20:23084911:C>A,CD93,0,2,2 stars,-0.0008830428123474121,0.2773291315846713,0.21428571428571427,0,0
GRCh38:1:36098358:T>C,COL8A2,0,2,2 stars,-0.00042057037353515625,0.2773285732125876,0.02247191011235955,0,0
GRCh38:8:133259297:C>T,NDRG1,0,2,2 stars,0.00025790929794311523,0.2773277635198843,0.0,0,0
GRCh38:12:8222452:G>T,FAM90A1,0,2,2 stars,-0.00034934282302856445,0.2773284874874836,0.004750593824228029,0,0
GRCh38:X:111152589:T>C,PAK3,0,2,2 stars,8.755922317504883e-05,0.2773279659779623,0.0,0,0
GRCh38:19:33302301:G>T,CEBPA,0,2,2 stars,-0.0006341934204101562,0.27732882755641786,0.041666666666666664,0,0
GRCh38:5:72196037:G>A,MAP1B,0,2,2 stars,0.0006942152976989746,0.2773272440811816,0.0,0,0
GRCh38:16:89179482:G>T,CDH15,0,2,2 stars,-0.0001042485237121582,0.27732820347069337,0.0024630541871921183,0,0
GRCh38:8:74825498:A>G,PI15,0,2,2 stars,-0.0004851222038269043,0.27732865220372555,0.02247191011235955,0,0
GRCh38:19:6709755:G>A,C3,1,2,2 stars,-0.001956760883331299,0.2773304250063605,0.68,1,0
GRCh38:16:3249665:G>C,MEFV,0,2,2 stars,-0.00026154518127441406,0.2773283827902973,0.004750593824228029,0,0
GRCh38:4:56467686:A>G,SRP72,0,2,2 stars,-0.0002703070640563965,0.27732839429660533,0.004750593824228029,0,0
GRCh38:1:202605656:G>A,SYT2,0,2,2 stars,-0.0002639293670654297,0.2773283854834805,0.004750593824228029,0,0
GRCh38:X:133028201:C>T,USP26,0,2,2 stars,-1.2159347534179688e-05,0.2773280844712282,0.0,0,0
GRCh38:9:110767708:A>G,MUSK,0,2,2 stars,-0.00033783912658691406,0.27732847416371503,0.004750593824228029,0,0
GRCh38:17:75283619:C>T,SLC25A19,0,2,2 stars,2.0176172256469727e-05,0.27732804688456836,0.0,0,0
GRCh38:12:106378157:A>G,POLR3B,0,2,2 stars,-0.00040391087532043457,0.2773285531334628,0.004750593824228029,0,0
GRCh38:X:153865707:G>T,L1CAM,1,2,2 stars,-0.005810678005218506,0.27733502285644807,0.9743589743589743,1,0
GRCh38:5:128148886:T>C,SLC12A2,0,2,2 stars,-0.00018256902694702148,0.27732828833697054,0.0024630541871921183,0,0
GRCh38:18:31591978:G>A,TTR,0,2,2 stars,4.982948303222656e-05,0.27732801080070724,0.0,0,0
GRCh38:3:196058126:G>A,TFRC,0,2,2 stars,0.0002696812152862549,0.27732774950935546,0.0,0,0
GRCh38:2:178443549:G>A,PRKRA,0,2,2 stars,0.0004305243492126465,0.2773275567807825,0.0,0,0
GRCh38:19:49210371:C>T,TRPM4,0,2,2 stars,-0.00023660063743591309,0.27732835547787893,0.004750593824228029,0,0
GRCh38:2:232163502:G>T,DIS3L2,1,2,2 stars,-0.01188582181930542,0.27734229207911326,0.9896907216494846,1,0
GRCh38:7:97854607:C>T,ASNS,1,2,2 stars,-0.000826716423034668,0.2773290594666426,0.13846153846153847,0,1
GRCh38:19:50688879:G>A,SHANK1,1,2,2 stars,-0.002168595790863037,0.2773306650792857,0.68,1,0
GRCh38:11:117395546:G>C,CEP164,1,2,2 stars,-0.0054544806480407715,0.2773345816414233,0.9534883720930233,1,0
GRCh38:3:49723632:G>A,GMPPB,1,2,2 stars,-0.00366896390914917,0.27733245480319935,0.8955223880597015,1,0
GRCh38:16:83899637:C>T,MLYCD,1,2,2 stars,-0.0014097392559051514,0.2773297525906669,0.6301369863013698,1,0
GRCh38:4:154604995:G>A,FGG,1,2,2 stars,-0.0039591193199157715,0.2773327976871599,0.95,1,0
GRCh38:17:4901524:C>A,CHRNE,1,2,2 stars,-0.005362957715988159,0.27733448538250094,0.9534883720930233,1,0
GRCh38:5:132369824:G>A,SLC22A5,1,2,2 stars,-0.0005296468734741211,0.2773287046069318,0.02247191011235955,0,1
GRCh38:17:15239555:A>T,PMP22,1,2,2 stars,-0.0014450550079345703,0.277329795376684,0.6301369863013698,1,0
GRCh38:2:73914835:C>T,ACTG2,1,2,2 stars,-0.0008393228054046631,0.2773290721027398,0.21428571428571427,0,1
GRCh38:1:45342624:G>T,TOE1,1,2,2 stars,-0.005671113729476929,0.2773348546629294,0.9743589743589743,1,0
GRCh38:7:142750582:A>G,PRSS1,1,2,2 stars,-0.0008514523506164551,0.2773290861059344,0.21428571428571427,0,1
GRCh38:2:168971942:T>C,ABCB11,1,2,2 stars,-0.0016875863075256348,0.2773300949723987,0.6301369863013698,1,0
GRCh38:X:45020680:C>T,KDM6A,1,2,2 stars,-0.007656991481781006,0.2773373340177075,0.9896907216494846,1,0
GRCh38:2:178453533:C>T,PJVK,1,2,2 stars,-0.008132696151733398,0.2773378091123128,0.9896907216494846,1,0
GRCh38:12:57792985:G>A,TSFM,1,2,2 stars,-0.0009763240814208984,0.2773292542081114,0.3493975903614458,0,1
GRCh38:11:102066577:C>T,CFAP300,1,2,2 stars,-0.002269655466079712,0.2773307794039886,0.75,1,0
GRCh38:19:13075672:G>T,NFIX,1,2,2 stars,-0.010569334030151367,0.2773407758795932,0.9896907216494846,1,0
GRCh38:6:10830547:C>T,MAK,1,2,2 stars,-0.005074054002761841,0.27733414812784773,0.9534883720930233,1,0
GRCh38:19:35851779:C>T,NPHS1,1,2,2 stars,-0.002782285213470459,0.27733140881583046,0.75,1,0
GRCh38:1:145912346:G>A,PEX11B,1,2,2 stars,-0.004496395587921143,0.27733350533061124,0.95,1,0
GRCh38:2:1504053:T>G,TPO,1,2,2 stars,-0.0019223988056182861,0.2773303675735848,0.6739130434782609,1,0
GRCh38:3:10067319:T>C,FANCD2,1,2,2 stars,-0.008156776428222656,0.27733796069703853,0.9896907216494846,1,0
GRCh38:12:80261968:G>T,OTOGL,1,2,2 stars,-0.0065076351165771484,0.2773358566813534,0.9743589743589743,1,0
GRCh38:1:231266355:C>T,GNPAT,1,2,2 stars,-0.011757314205169678,0.2773422601405051,0.9896907216494846,1,0
GRCh38:11:36593483:C>T,RAG2,1,3,3 stars,-0.00035250186920166016,0.2773284947852194,0.004750593824228029,0,1
GRCh38:7:120840111:T>C,TSPAN12,1,2,2 stars,-0.00495833158493042,0.27733406729630034,0.9534883720930233,1,0
GRCh38:4:186209260:A>G,CYP4V2,1,2,2 stars,-0.0017325282096862793,0.2773301402505669,0.6739130434782609,1,0
GRCh38:7:99388263:T>C,ARPC1B,1,2,2 stars,-0.004549980163574219,0.2773335042491611,0.95,1,0
GRCh38:10:69005119:C>A,KIFBP,1,2,2 stars,-0.006728023290634155,0.2773361405628559,0.9743589743589743,1,0
GRCh38:5:1411242:C>T,SLC6A3,1,2,2 stars,-0.0026674866676330566,0.2773312655501105,0.75,1,0
GRCh38:3:97768111:G>T,ARL6,1,2,2 stars,-0.007786989212036133,0.2773373784905838,0.9896907216494846,1,0
GRCh38:7:76330152:G>A,YWHAG,1,2,2 stars,-0.000927358865737915,0.27732917735087736,0.3493975903614458,0,1
GRCh38:20:492303:C>T,CSNK2A1,1,2,2 stars,-0.001431971788406372,0.2773297919098515,0.6301369863013698,1,0
GRCh38:12:43778238:C>T,IRAK4,1,2,2 stars,-0.0005634129047393799,0.27732874273562325,0.03389830508474576,0,1
GRCh38:5:150289577:C>T,CAMK2A,1,2,2 stars,-0.0035372376441955566,0.27733229965735107,0.8955223880597015,1,0
GRCh38:2:27239442:C>T,CAD,1,2,2 stars,-0.007936179637908936,0.27733759354420884,0.9896907216494846,1,0
GRCh38:13:48411988:C>T,LPAR6,1,2,2 stars,-0.002860933542251587,0.2773314898005879,0.75,1,0
GRCh38:17:44901113:C>T,DNAAF19,1,2,2 stars,-0.003923475742340088,0.2773327903449468,0.95,1,0
GRCh38:3:120633257:C>G,HGD,1,2,2 stars,0.001141369342803955,0.2773267367703883,0.0,0,1
GRCh38:5:35860901:C>T,IL7R,0,3,3 stars,8.130073547363281e-05,0.2773279766990815,0.0,0,0
GRCh38:19:48970927:C>T,GYS1,1,2,2 stars,-0.0060929059982299805,0.27733536024618766,0.9743589743589743,1,0
GRCh38:11:124923915:T>A,HEPACAM,1,2,2 stars,-0.0018741190433502197,0.277330314195584,0.6739130434782609,1,0
GRCh38:1:22086456:A>G,CDC42,1,2,2 stars,-0.0024482309818267822,0.2773309943271455,0.75,1,0
GRCh38:7:105102105:G>T,KMT2E,1,2,2 stars,-0.003482818603515625,0.27733223854598665,0.8955223880597015,1,0
GRCh38:1:97450101:C>T,DPYD,1,2,2 stars,-0.008545994758605957,0.27733830149018335,0.9896907216494846,1,0
GRCh38:X:18656660:A>C,RS1,1,3,3 stars,-0.005574941635131836,0.277334753998913,0.9534883720930233,1,0
GRCh38:17:6435054:C>T,AIPL1,0,3,3 stars,-0.0005467832088470459,0.27732872320021884,0.03389830508474576,0,0
GRCh38:MT:6951:G>A,MT-CO1,0,3,3 stars,0.00015826523303985596,0.2773278862382098,0.0,0,0
GRCh38:11:36594039:C>A,RAG2,1,3,3 stars,-0.006055712699890137,0.2773353142157922,0.9743589743589743,1,0
GRCh38:11:36592817:C>G,RAG2,1,3,3 stars,-0.003004610538482666,0.2773316826501555,0.8,1,0
GRCh38:MT:11777:C>A,MT-ND4,1,3,3 stars,-0.001761704683303833,0.2773301761055428,0.6739130434782609,1,0
GRCh38:X:18644623:C>T,RS1,1,3,3 stars,-0.0019658803939819336,0.2773304227434197,0.68,1,0
GRCh38:MT:5814:T>C,MT-TC,0,3,3 stars,-0.00042116641998291016,0.2773285787791679,0.02247191011235955,0,0
GRCh38:17:6425678:C>A,AIPL1,0,3,3 stars,-0.0011608898639678955,0.2773294576073278,0.38461538461538464,0,0
GRCh38:X:18642032:A>G,RS1,1,3,3 stars,-0.0054749250411987305,0.2773346107195074,0.9534883720930233,1,0
GRCh38:1:114713941:G>A,NRAS,1,3,3 stars,-0.0015787780284881592,0.27732996762373535,0.6301369863013698,1,0
GRCh38:MT:14482:C>A,MT-ND6,1,3,3 stars,-0.0008460432291030884,0.27732909033462,0.21428571428571427,0,1
GRCh38:11:36592922:C>A,RAG2,1,3,3 stars,-0.0047716498374938965,0.277333769474518,0.95,1,0
GRCh38:16:173598:T>C,HBA1;HBA2;LOC106804612,1,3,3 stars,-0.00209808349609375,0.2773305867576162,0.68,1,0
GRCh38:MT:3946:G>A,"covers 22 genes, none of which curated to show dosage sensitivity",1,3,3 stars,-0.0007723420858383179,0.27732899226671287,0.13846153846153847,0,1
GRCh38:4:987858:C>T,IDUA;SLC26A1,1,3,3 stars,-0.0018849968910217285,0.27733031958005866,0.6739130434782609,1,0
GRCh38:MT:5556:G>A,MT-TW,1,3,3 stars,-0.000684887170791626,0.2773288916868921,0.12121212121212122,0,1
GRCh38:19:11113650:G>C,LDLR;MIR6886,1,3,3 stars,-0.0022360682487487793,0.27733074454817636,0.75,1,0
GRCh38:19:43511455:G>A,ETHE1,1,3,3 stars,-0.0033483803272247314,0.2773320716904155,0.8955223880597015,1,0
GRCh38:X:18657649:C>T,RS1,0,3,3 stars,0.0001735687255859375,0.27732786329104137,0.0,0,0
GRCh38:1:114713986:T>C,NRAS,0,3,3 stars,0.00020545721054077148,0.2773278271844083,0.0,0,0
GRCh38:MT:14597:A>G,MT-ND6,1,3,3 stars,-0.0008413791656494141,0.2773290753289405,0.21428571428571427,0,1
GRCh38:MT:13513:G>A,MT-ND5,1,3,3 stars,-0.0011035948991775513,0.2773293893475743,0.3493975903614458,0,1
GRCh38:MT:3242:G>A,MT-TL1,1,3,3 stars,-0.0010207295417785645,0.27732929049761795,0.3493975903614458,0,1
GRCh38:19:18156208:A>G,PIK3R2,0,3,3 stars,-0.0003215968608856201,0.2773284558841249,0.004750593824228029,0,0
GRCh38:1:243637668:C>T,AKT3,0,3,3 stars,-0.00042122602462768555,0.27732858242389696,0.02247191011235955,0,0
GRCh38:MT:15923:A>G,MT-TT,1,3,3 stars,-0.000554308295249939,0.27732873397652646,0.03389830508474576,0,1
GRCh38:1:114713917:G>A,NRAS,1,3,3 stars,-0.0015387237071990967,0.27732990643352584,0.6301369863013698,1,0
GRCh38:5:35860966:T>C,IL7R,0,3,3 stars,0.002231299877166748,0.277325417001343,0.0,0,0
GRCh38:17:6426684:A>G,AIPL1,1,3,3 stars,-0.002326369285583496,0.2773308500032634,0.75,1,0
GRCh38:11:36592831:G>C,RAG2,1,3,3 stars,-0.006979405879974365,0.27733648272614664,0.9896907216494846,1,0
GRCh38:17:6428419:C>T,AIPL1,1,3,3 stars,-0.004159420728683472,0.2773330363513255,0.95,1,0
GRCh38:X:150641322:C>T,MTM1,0,3,3 stars,-0.0003178715705871582,0.2773284527150769,0.004750593824228029,0,0
GRCh38:5:35867437:G>A,IL7R,1,3,3 stars,-0.0008676648139953613,0.27732911987014114,0.21428571428571427,0,1
GRCh38:5:35871088:G>A,IL7R,0,3,3 stars,-9.447336196899414e-05,0.27732818830918127,0.0,0,0
GRCh38:X:18656661:C>A,RS1,1,3,3 stars,-0.004947364330291748,0.2773340024158278,0.9534883720930233,1,0
GRCh38:11:36593886:C>T,RAG2,1,3,3 stars,-0.0033559799194335938,0.27733208775299106,0.8955223880597015,1,0
GRCh38:4:987900:G>C,IDUA;SLC26A1,1,3,3 stars,-0.003779470920562744,0.2773326199034038,0.8955223880597015,1,0
GRCh38:X:18656661:C>G,RS1,1,3,3 stars,-0.00279805064201355,0.2773314210055458,0.75,1,0
GRCh38:5:35874520:G>A,IL7R,0,3,3 stars,-0.0003898739814758301,0.27732853578574507,0.004750593824228029,0,0
GRCh38:X:135998486:A>T,SLC9A6,0,3,3 stars,-0.0021523237228393555,0.27733064126933277,0.68,1,1
GRCh38:X:18642146:C>A,RS1,1,3,3 stars,-0.002951383590698242,0.27733160627630793,0.75,1,0
GRCh38:5:35873479:G>A,IL7R,1,3,3 stars,-0.00426328182220459,0.27733317728332807,0.95,1,0
GRCh38:MT:5703:G>A,MT-TN,1,3,3 stars,3.272294998168945e-05,0.2773280331544122,0.0,0,1
GRCh38:X:136016683:C>T,SLC9A6,0,3,3 stars,-0.00047913193702697754,0.2773286424277447,0.02247191011235955,0,0
GRCh38:X:136033411:C>T,SLC9A6,0,3,3 stars,1.33514404296875e-05,0.2773280545513099,0.0,0,0
GRCh38:X:18642012:A>T,RS1,1,3,3 stars,-0.002376079559326172,0.2773309184357806,0.75,1,0
GRCh38:X:18644530:C>T,RS1,1,3,3 stars,-0.0010914206504821777,0.27732937299454963,0.3493975903614458,0,1
GRCh38:MT:4450:G>A,MT-TM,1,3,3 stars,-0.000648006796836853,0.2773288444920918,0.041666666666666664,0,1
GRCh38:17:7224179:G>C,ACADVL;DVL2,1,3,3 stars,-0.003287285566329956,0.27733202808946567,0.8955223880597015,1,0
GRCh38:5:35867423:A>C,IL7R,0,3,3 stars,0.00015789270401000977,0.2773278853778333,0.0,0,0
GRCh38:1:114713931:C>T,NRAS,0,3,3 stars,-0.00019928812980651855,0.2773283148449108,0.0024630541871921183,0,0
GRCh38:4:987240:C>A,IDUA;SLC26A1,1,3,3 stars,-0.001085519790649414,0.2773293661541229,0.3493975903614458,0,1
GRCh38:11:36594147:C>T,RAG2,0,3,3 stars,-0.0003262162208557129,0.2773284593144431,0.004750593824228029,0,0
GRCh38:MT:15990:C>T,MT-TP,1,3,3 stars,-0.001323014497756958,0.27732965387206165,0.5652173913043478,1,0
GRCh38:X:150671485:A>G,MTM1,0,3,3 stars,-0.0006660521030426025,0.2773288670107469,0.12121212121212122,0,0
GRCh38:MT:15242:G>A,MT-CYB,1,3,3 stars,-0.0012641698122024536,0.27732957864314844,0.38461538461538464,0,1
GRCh38:5:35874473:C>T,IL7R,0,3,3 stars,9.822845458984375e-05,0.2773279530498367,0.0,0,0
GRCh38:X:18657639:C>T,RS1,1,3,3 stars,-0.001622527837753296,0.27733002367280984,0.6301369863013698,1,0
GRCh38:5:35867398:G>A,IL7R,0,3,3 stars,0.0004311203956604004,0.27732755650362556,0.0,0,0
GRCh38:19:18167199:G>A,PIK3R2,0,3,3 stars,-0.0002821981906890869,0.2773284118040722,0.004750593824228029,0,0
GRCh38:X:18647177:C>T,RS1,0,3,3 stars,0.00011491775512695312,0.2773279341363428,0.0,0,0
GRCh38:MT:5521:G>A,MT-TW,1,3,3 stars,-0.00030760467052459717,0.2773284405281252,0.004750593824228029,0,1
GRCh38:X:135985655:A>G,SLC9A6,0,3,3 stars,-0.0004817843437194824,0.2773286544295239,0.02247191011235955,0,0
GRCh38:2:47806412:C>G,FBXO11;MSH6,0,3,3 stars,-2.0682811737060547e-05,0.27732809539937125,0.0,0,0
GRCh38:5:35867439:A>T,IL7R,1,3,3 stars,-0.003392815589904785,0.2773321717768877,0.8955223880597015,1,0
GRCh38:X:18657650:G>T,RS1,1,3,3 stars,-0.0012682080268859863,0.27732959368587273,0.38461538461538464,0,1
GRCh38:17:6427036:G>A,AIPL1,1,3,3 stars,-0.0027841925621032715,0.277331404548826,0.75,1,0
GRCh38:3:138373060:A>G,MRAS,0,3,3 stars,0.0001767873764038086,0.27732785990397085,0.0,0,0
GRCh38:X:18656688:C>T,RS1,1,3,3 stars,-0.005885720252990723,0.2773351280228086,0.9743589743589743,1,0
GRCh38:MT:9035:T>C,MT-ATP6,1,3,3 stars,-0.0022644400596618652,0.27733077551999313,0.75,1,0
GRCh38:19:43526358:G>C,ETHE1,0,3,3 stars,0.00011801719665527344,0.2773279348821404,0.0,0,0
GRCh38:19:43507856:C>T,ETHE1,0,3,3 stars,-0.0004566013813018799,0.2773286158088655,0.02247191011235955,0,0
GRCh38:5:35876149:A>C,IL7R,0,3,3 stars,-0.0007547736167907715,0.2773289767216717,0.13846153846153847,0,0
GRCh38:5:35871171:C>T,IL7R,0,3,3 stars,0.00036722421646118164,0.2773276325913462,0.0,0,0
GRCh38:MT:8993:T>G,"covers 26 genes, none of which curated to show dosage sensitivity",1,3,3 stars,-0.0026677846908569336,0.27733125613561954,0.75,1,0
GRCh38:1:243695714:C>T,AKT3,1,3,3 stars,-0.0015975236892700195,0.27732997953949934,0.6301369863013698,1,0
GRCh38:X:18672068:T>A,RS1,1,3,3 stars,-0.0016350150108337402,0.2773300466884917,0.6301369863013698,1,0
GRCh38:5:35871070:C>T,IL7R,1,3,3 stars,-0.0031786561012268066,0.27733187164012213,0.8955223880597015,1,0
GRCh38:5:35860921:C>T,IL7R,0,3,3 stars,-0.0005686283111572266,0.27732875770475657,0.03389830508474576,0,0
GRCh38:X:18642131:G>A,RS1,0,3,3 stars,-0.0013616085052490234,0.27732970551890573,0.5652173913043478,1,1
GRCh38:X:18656644:G>A,RS1,0,3,3 stars,3.2275915145874023e-05,0.2773280336385099,0.0,0,0
GRCh38:MT:9055:G>A,MT-ATP6,0,3,3 stars,-0.0007908791303634644,0.277329015083123,0.13846153846153847,0,0
GRCh38:19:43527172:C>T,ETHE1,0,3,3 stars,-0.00023794174194335938,0.27732835893405744,0.004750593824228029,0,0
GRCh38:X:18656749:C>T,RS1,0,3,3 stars,-0.0016782581806182861,0.2773300801905534,0.6301369863013698,1,1
GRCh38:MT:10034:T>C,MT-TG,0,3,3 stars,2.3990869522094727e-06,0.27732807276220445,0.0,0,0
GRCh38:9:35657841:G>A,RMRP,0,3,3 stars,-6.67572021484375e-05,0.2773281523177908,0.0,0,0
GRCh38:MT:4769:A>G,MT-ND2,0,3,3 stars,-6.972253322601318e-05,0.27732815356507423,0.0,0,0
GRCh38:17:7219921:T>C,ACADVL;DLG4,0,3,3 stars,0.0003637075424194336,0.27732763723768267,0.0,0,0
GRCh38:1:114709659:C>T,NRAS,0,3,3 stars,-0.0003508329391479492,0.2773284889211656,0.004750593824228029,0,0
GRCh38:X:135985527:G>T,SLC9A6,0,3,3 stars,-0.0001450181007385254,0.27732824402400547,0.0024630541871921183,0,0
GRCh38:3:138400539:G>A,MRAS,0,3,3 stars,-4.202127456665039e-05,0.2773281203135275,0.0,0,0
GRCh38:X:135985578:C>G,SLC9A6,0,3,3 stars,-0.001743316650390625,0.27733015531517374,0.6739130434782609,1,1
GRCh38:19:43511173:A>C,ETHE1,0,3,3 stars,-0.0005936920642852783,0.27732878057696747,0.041666666666666664,0,0
GRCh38:MT:5293:G>A,MT-ND2,0,3,3 stars,3.11732292175293e-05,0.2773280342055691,0.0,0,0
GRCh38:10:87863443:C>A,KLLN;LOC130004273;PTEN,0,3,3 stars,-0.0006561875343322754,0.277328853128766,0.041666666666666664,0,0
GRCh38:11:36593291:T>C,RAG2,0,3,3 stars,-0.0007083415985107422,0.27732892073964044,0.13846153846153847,0,0
GRCh38:MT:12811:T>C,MT-ND5,0,3,3 stars,0.00015076994895935059,0.27732790124181955,0.0,0,0
