ablation,metrics,source
all_without_caduceus,"{""accuracy"": 0.8991596638655462, ""auprc"": 0.9145868282386201, ""auroc"": 0.95430366136608, ""balanced_accuracy"": 0.8321826721747496, ""brier"": 0.07578742308506889, ""confusion_matrix"": {""fn"": 52, ""fp"": 8, ""tn"": 423, ""tp"": 112}, ""coverage"": 1.0, ""ece"": 0.0477265230828226, ""f1"": 0.7887323943661972, ""max_calibration_gap"": 0.348338795402072, ""mcc"": 0.7398268712916092, ""n"": 595, ""n_negative"": 431, ""n_positive"": 164, ""nll"": 0.2564563693162949, ""precision"": 0.9333333333333333, ""recall"": 0.6829268292682927, ""sensitivity"": 0.6829268292682927, ""specificity"": 0.9814385150812065}","{""derived_from"": ""all_fusion"", ""indices"": [0, 1, 2, 3, 4, 5, 6, 7, 8, 9, 10, 11, 12, 13, 14, 15, 16, 17, 18, 19, 20, 21, 41], ""source"": {""metadata"": {""feature_artifact"": ""/Users/utkarshkhajuria/Desktop/EvoVariant/research/runs/phase8_formal_features_20260922/all_fusion.jsonl"", ""feature_artifact_sha256"": ""458f240feac4b5b409cbbefbd71080b6f5857a236fcc9550084f2d77789066b7"", ""layer"": ""all_fusion"", ""locked_test_evaluated"": false, ""model_id"": ""formal_all_fusion"", ""train_count"": 2296, ""validation_count"": 595}, ""path"": ""research/runs/phase8_formal_features_20260922/all_fusion.jsonl"", ""sha256"": ""458f240feac4b5b409cbbefbd71080b6f5857a236fcc9550084f2d77789066b7""}}"
all_without_comparators,"{""accuracy"": 0.8151260504201681, ""auprc"": 0.8630597959957428, ""auroc"": 0.9307764133325788, ""balanced_accuracy"": 0.668411521702224, ""brier"": 0.12274269767967656, ""confusion_matrix"": {""fn"": 108, ""fp"": 2, ""tn"": 429, ""tp"": 56}, ""coverage"": 1.0, ""ece"": 0.10089192775483045, ""f1"": 0.5045045045045046, ""max_calibration_gap"": 0.44172664760857083, ""mcc"": 0.5074125623434781, ""n"": 595, ""n_negative"": 431, ""n_positive"": 164, ""nll"": 0.38905719450904186, ""precision"": 0.9655172413793104, ""recall"": 0.34146341463414637, ""sensitivity"": 0.34146341463414637, ""specificity"": 0.9953596287703016}","{""derived_from"": ""all_fusion"", ""indices"": [0, 1, 2, 3, 4, 5, 6, 7, 8, 9, 10, 11, 12, 13, 14, 15, 16, 17, 18, 19, 20, 21, 22, 23, 24, 25, 26, 27, 28, 29, 30, 31, 32, 33, 34, 35, 36, 37, 38, 39], ""source"": {""metadata"": {""feature_artifact"": ""/Users/utkarshkhajuria/Desktop/EvoVariant/research/runs/phase8_formal_features_20260922/all_fusion.jsonl"", ""feature_artifact_sha256"": ""458f240feac4b5b409cbbefbd71080b6f5857a236fcc9550084f2d77789066b7"", ""layer"": ""all_fusion"", ""locked_test_evaluated"": false, ""model_id"": ""formal_all_fusion"", ""train_count"": 2296, ""validation_count"": 595}, ""path"": ""research/runs/phase8_formal_features_20260922/all_fusion.jsonl"", ""sha256"": ""458f240feac4b5b409cbbefbd71080b6f5857a236fcc9550084f2d77789066b7""}}"
all_without_evo2,"{""accuracy"": 0.9680672268907563, ""auprc"": 0.9942273532928474, ""auroc"": 0.9978495840642861, ""balanced_accuracy"": 0.9515166091336087, ""brier"": 0.022660494994589823, ""confusion_matrix"": {""fn"": 14, ""fp"": 5, ""tn"": 426, ""tp"": 150}, ""coverage"": 1.0, ""ece"": 0.038785510954584455, ""f1"": 0.9404388714733544, ""max_calibration_gap"": 0.7265352075911, ""mcc"": 0.9193314088648672, ""n"": 595, ""n_negative"": 431, ""n_positive"": 164, ""nll"": 0.08641295870530924, ""precision"": 0.967741935483871, ""recall"": 0.9146341463414634, ""sensitivity"": 0.9146341463414634, ""specificity"": 0.988399071925754}","{""derived_from"": ""all_fusion"", ""indices"": [4, 5, 6, 7, 8, 9, 10, 11, 12, 13, 14, 15, 16, 17, 18, 19, 20, 21, 22, 23, 24, 25, 26, 27, 28, 29, 30, 31, 32, 33, 34, 35, 36, 37, 38, 39, 40, 41], ""source"": {""metadata"": {""feature_artifact"": ""/Users/utkarshkhajuria/Desktop/EvoVariant/research/runs/phase8_formal_features_20260922/all_fusion.jsonl"", ""feature_artifact_sha256"": ""458f240feac4b5b409cbbefbd71080b6f5857a236fcc9550084f2d77789066b7"", ""layer"": ""all_fusion"", ""locked_test_evaluated"": false, ""model_id"": ""formal_all_fusion"", ""train_count"": 2296, ""validation_count"": 595}, ""path"": ""research/runs/phase8_formal_features_20260922/all_fusion.jsonl"", ""sha256"": ""458f240feac4b5b409cbbefbd71080b6f5857a236fcc9550084f2d77789066b7""}}"
all_without_nt,"{""accuracy"": 0.9663865546218487, ""auprc"": 0.9931600953391708, ""auroc"": 0.9974676022862317, ""balanced_accuracy"": 0.9484678286458039, ""brier"": 0.02433357848725372, ""confusion_matrix"": {""fn"": 15, ""fp"": 5, ""tn"": 426, ""tp"": 149}, ""coverage"": 1.0, ""ece"": 0.050591763796170204, ""f1"": 0.9371069182389937, ""max_calibration_gap"": 0.6657849960752702, ""mcc"": 0.9150444547469092, ""n"": 595, ""n_negative"": 431, ""n_positive"": 164, ""nll"": 0.0971960946738375, ""precision"": 0.9675324675324676, ""recall"": 0.9085365853658537, ""sensitivity"": 0.9085365853658537, ""specificity"": 0.988399071925754}","{""derived_from"": ""all_fusion"", ""indices"": [0, 1, 2, 3, 22, 23, 24, 25, 26, 27, 28, 29, 30, 31, 32, 33, 34, 35, 36, 37, 38, 39, 40, 41], ""source"": {""metadata"": {""feature_artifact"": ""/Users/utkarshkhajuria/Desktop/EvoVariant/research/runs/phase8_formal_features_20260922/all_fusion.jsonl"", ""feature_artifact_sha256"": ""458f240feac4b5b409cbbefbd71080b6f5857a236fcc9550084f2d77789066b7"", ""layer"": ""all_fusion"", ""locked_test_evaluated"": false, ""model_id"": ""formal_all_fusion"", ""train_count"": 2296, ""validation_count"": 595}, ""path"": ""research/runs/phase8_formal_features_20260922/all_fusion.jsonl"", ""sha256"": ""458f240feac4b5b409cbbefbd71080b6f5857a236fcc9550084f2d77789066b7""}}"
cad16_aggregate,"{""accuracy"": 0.7253433208489388, ""auprc"": 0.32581337768689667, ""auroc"": 0.5582459708965734, ""balanced_accuracy"": 0.5, ""brier"": 0.20785254487246765, ""confusion_matrix"": {""fn"": 220, ""fp"": 0, ""tn"": 581, ""tp"": 0}, ""coverage"": 1.0, ""ece"": 0.09290940570616119, ""f1"": 0.0, ""max_calibration_gap"": 0.09290940570616119, ""mcc"": 0.0, ""n"": 801, ""n_negative"": 581, ""n_positive"": 220, ""nll"": 0.6138198728003222, ""precision"": 0.0, ""recall"": 0.0, ""sensitivity"": 0.0, ""specificity"": 1.0}","{""derived_from"": ""cad16"", ""indices"": [2], ""source"": {""metadata"": {""feature_artifact"": ""/Users/utkarshkhajuria/Desktop/EvoVariant/research/runs/phase8_formal_features_20260922/caduceus/caduceus_layer_16_scalar_summary.jsonl"", ""feature_artifact_sha256"": ""dfaa9ea1b9b70ec8c1723174bf37583c9e8330dbd2834e8a53205912995ef4cc"", ""layer"": ""16:scalar_summary"", ""locked_test_evaluated"": false, ""model_id"": ""caduceus"", ""train_count"": 3199, ""validation_count"": 801}, ""path"": ""research/runs/phase8_formal_features_20260922/caduceus/caduceus_layer_16_scalar_summary.jsonl"", ""sha256"": ""dfaa9ea1b9b70ec8c1723174bf37583c9e8330dbd2834e8a53205912995ef4cc""}}"
cad16_forward,"{""accuracy"": 0.7253433208489388, ""auprc"": 0.30934787052904267, ""auroc"": 0.5425911437959631, ""balanced_accuracy"": 0.5, ""brier"": 0.20785254561428285, ""confusion_matrix"": {""fn"": 220, ""fp"": 0, ""tn"": 581, ""tp"": 0}, ""coverage"": 1.0, ""ece"": 0.09290940692298466, ""f1"": 0.0, ""max_calibration_gap"": 0.09290940692298466, ""mcc"": 0.0, ""n"": 801, ""n_negative"": 581, ""n_positive"": 220, ""nll"": 0.6138198752944024, ""precision"": 0.0, ""recall"": 0.0, ""sensitivity"": 0.0, ""specificity"": 1.0}","{""derived_from"": ""cad16"", ""indices"": [0], ""source"": {""metadata"": {""feature_artifact"": ""/Users/utkarshkhajuria/Desktop/EvoVariant/research/runs/phase8_formal_features_20260922/caduceus/caduceus_layer_16_scalar_summary.jsonl"", ""feature_artifact_sha256"": ""dfaa9ea1b9b70ec8c1723174bf37583c9e8330dbd2834e8a53205912995ef4cc"", ""layer"": ""16:scalar_summary"", ""locked_test_evaluated"": false, ""model_id"": ""caduceus"", ""train_count"": 3199, ""validation_count"": 801}, ""path"": ""research/runs/phase8_formal_features_20260922/caduceus/caduceus_layer_16_scalar_summary.jsonl"", ""sha256"": ""dfaa9ea1b9b70ec8c1723174bf37583c9e8330dbd2834e8a53205912995ef4cc""}}"
cad16_reverse,"{""accuracy"": 0.7253433208489388, ""auprc"": 0.3106143382287878, ""auroc"": 0.5505945861367548, ""balanced_accuracy"": 0.5, ""brier"": 0.20785254493930796, ""confusion_matrix"": {""fn"": 220, ""fp"": 0, ""tn"": 581, ""tp"": 0}, ""coverage"": 1.0, ""ece"": 0.09290940715399196, ""f1"": 0.0, ""max_calibration_gap"": 0.09290940715399196, ""mcc"": 0.0, ""n"": 801, ""n_negative"": 581, ""n_positive"": 220, ""nll"": 0.613819873025048, ""precision"": 0.0, ""recall"": 0.0, ""sensitivity"": 0.0, ""specificity"": 1.0}","{""derived_from"": ""cad16"", ""indices"": [1], ""source"": {""metadata"": {""feature_artifact"": ""/Users/utkarshkhajuria/Desktop/EvoVariant/research/runs/phase8_formal_features_20260922/caduceus/caduceus_layer_16_scalar_summary.jsonl"", ""feature_artifact_sha256"": ""dfaa9ea1b9b70ec8c1723174bf37583c9e8330dbd2834e8a53205912995ef4cc"", ""layer"": ""16:scalar_summary"", ""locked_test_evaluated"": false, ""model_id"": ""caduceus"", ""train_count"": 3199, ""validation_count"": 801}, ""path"": ""research/runs/phase8_formal_features_20260922/caduceus/caduceus_layer_16_scalar_summary.jsonl"", ""sha256"": ""dfaa9ea1b9b70ec8c1723174bf37583c9e8330dbd2834e8a53205912995ef4cc""}}"
cad4_aggregate,"{""accuracy"": 0.7253433208489388, ""auprc"": 0.23193951044012587, ""auroc"": 0.392145204193397, ""balanced_accuracy"": 0.5, ""brier"": 0.20785255291151927, ""confusion_matrix"": {""fn"": 220, ""fp"": 0, ""tn"": 581, ""tp"": 0}, ""coverage"": 1.0, ""ece"": 0.09290942101424393, ""f1"": 0.0, ""max_calibration_gap"": 0.09290942101424393, ""mcc"": 0.0, ""n"": 801, ""n_negative"": 581, ""n_positive"": 220, ""nll"": 0.613819899828667, ""precision"": 0.0, ""recall"": 0.0, ""sensitivity"": 0.0, ""specificity"": 1.0}","{""derived_from"": ""cad4"", ""indices"": [2], ""source"": {""metadata"": {""feature_artifact"": ""/Users/utkarshkhajuria/Desktop/EvoVariant/research/runs/phase8_formal_features_20260922/caduceus/caduceus_layer_4_scalar_summary.jsonl"", ""feature_artifact_sha256"": ""1acac52c781571129ff118ff488b983afb3e9fe6b39ca2af2c682ed3d9152b41"", ""layer"": ""4:scalar_summary"", ""locked_test_evaluated"": false, ""model_id"": ""caduceus"", ""train_count"": 3199, ""validation_count"": 801}, ""path"": ""research/runs/phase8_formal_features_20260922/caduceus/caduceus_layer_4_scalar_summary.jsonl"", ""sha256"": ""1acac52c781571129ff118ff488b983afb3e9fe6b39ca2af2c682ed3d9152b41""}}"
cad4_forward,"{""accuracy"": 0.7253433208489388, ""auprc"": 0.2216513177109472, ""auroc"": 0.379197308715381, ""balanced_accuracy"": 0.5, ""brier"": 0.20785255853985485, ""confusion_matrix"": {""fn"": 220, ""fp"": 0, ""tn"": 581, ""tp"": 0}, ""coverage"": 1.0, ""ece"": 0.09290943024521398, ""f1"": 0.0, ""max_calibration_gap"": 0.09290943024521398, ""mcc"": 0.0, ""n"": 801, ""n_negative"": 581, ""n_positive"": 220, ""nll"": 0.6138199187518721, ""precision"": 0.0, ""recall"": 0.0, ""sensitivity"": 0.0, ""specificity"": 1.0}","{""derived_from"": ""cad4"", ""indices"": [0], ""source"": {""metadata"": {""feature_artifact"": ""/Users/utkarshkhajuria/Desktop/EvoVariant/research/runs/phase8_formal_features_20260922/caduceus/caduceus_layer_4_scalar_summary.jsonl"", ""feature_artifact_sha256"": ""1acac52c781571129ff118ff488b983afb3e9fe6b39ca2af2c682ed3d9152b41"", ""layer"": ""4:scalar_summary"", ""locked_test_evaluated"": false, ""model_id"": ""caduceus"", ""train_count"": 3199, ""validation_count"": 801}, ""path"": ""research/runs/phase8_formal_features_20260922/caduceus/caduceus_layer_4_scalar_summary.jsonl"", ""sha256"": ""1acac52c781571129ff118ff488b983afb3e9fe6b39ca2af2c682ed3d9152b41""}}"
cad4_reverse,"{""accuracy"": 0.7253433208489388, ""auprc"": 0.23524572308172453, ""auroc"": 0.39025974025974025, ""balanced_accuracy"": 0.5, ""brier"": 0.2078525578295096, ""confusion_matrix"": {""fn"": 220, ""fp"": 0, ""tn"": 581, ""tp"": 0}, ""coverage"": 1.0, ""ece"": 0.09290943401149454, ""f1"": 0.0, ""max_calibration_gap"": 0.09290943401149454, ""mcc"": 0.0, ""n"": 801, ""n_negative"": 581, ""n_positive"": 220, ""nll"": 0.6138199163635966, ""precision"": 0.0, ""recall"": 0.0, ""sensitivity"": 0.0, ""specificity"": 1.0}","{""derived_from"": ""cad4"", ""indices"": [1], ""source"": {""metadata"": {""feature_artifact"": ""/Users/utkarshkhajuria/Desktop/EvoVariant/research/runs/phase8_formal_features_20260922/caduceus/caduceus_layer_4_scalar_summary.jsonl"", ""feature_artifact_sha256"": ""1acac52c781571129ff118ff488b983afb3e9fe6b39ca2af2c682ed3d9152b41"", ""layer"": ""4:scalar_summary"", ""locked_test_evaluated"": false, ""model_id"": ""caduceus"", ""train_count"": 3199, ""validation_count"": 801}, ""path"": ""research/runs/phase8_formal_features_20260922/caduceus/caduceus_layer_4_scalar_summary.jsonl"", ""sha256"": ""1acac52c781571129ff118ff488b983afb3e9fe6b39ca2af2c682ed3d9152b41""}}"
cad8_aggregate,"{""accuracy"": 0.7253433208489388, ""auprc"": 0.24263283895765914, ""auroc"": 0.44560319198873416, ""balanced_accuracy"": 0.5, ""brier"": 0.20785316166256257, ""confusion_matrix"": {""fn"": 220, ""fp"": 0, ""tn"": 581, ""tp"": 0}, ""coverage"": 1.0, ""ece"": 0.09291073583744541, ""f1"": 0.0, ""max_calibration_gap"": 0.09291073583744541, ""mcc"": 0.0, ""n"": 801, ""n_negative"": 581, ""n_positive"": 220, ""nll"": 0.6138219465979692, ""precision"": 0.0, ""recall"": 0.0, ""sensitivity"": 0.0, ""specificity"": 1.0}","{""derived_from"": ""cad8"", ""indices"": [2], ""source"": {""metadata"": {""feature_artifact"": ""/Users/utkarshkhajuria/Desktop/EvoVariant/research/runs/phase8_formal_features_20260922/caduceus/caduceus_layer_8_scalar_summary.jsonl"", ""feature_artifact_sha256"": ""3503eb125817421031eb22278722f8338de01adc5df8e64be75be7b248c869f6"", ""layer"": ""8:scalar_summary"", ""locked_test_evaluated"": false, ""model_id"": ""caduceus"", ""train_count"": 3199, ""validation_count"": 801}, ""path"": ""research/runs/phase8_formal_features_20260922/caduceus/caduceus_layer_8_scalar_summary.jsonl"", ""sha256"": ""3503eb125817421031eb22278722f8338de01adc5df8e64be75be7b248c869f6""}}"
cad8_forward,"{""accuracy"": 0.7253433208489388, ""auprc"": 0.23006869242920389, ""auroc"": 0.4294633077765608, ""balanced_accuracy"": 0.5, ""brier"": 0.20785348382739832, ""confusion_matrix"": {""fn"": 220, ""fp"": 0, ""tn"": 581, ""tp"": 0}, ""coverage"": 1.0, ""ece"": 0.09291086157587847, ""f1"": 0.0, ""max_calibration_gap"": 0.09291086157587847, ""mcc"": 0.0, ""n"": 801, ""n_negative"": 581, ""n_positive"": 220, ""nll"": 0.6138230298647219, ""precision"": 0.0, ""recall"": 0.0, ""sensitivity"": 0.0, ""specificity"": 1.0}","{""derived_from"": ""cad8"", ""indices"": [0], ""source"": {""metadata"": {""feature_artifact"": ""/Users/utkarshkhajuria/Desktop/EvoVariant/research/runs/phase8_formal_features_20260922/caduceus/caduceus_layer_8_scalar_summary.jsonl"", ""feature_artifact_sha256"": ""3503eb125817421031eb22278722f8338de01adc5df8e64be75be7b248c869f6"", ""layer"": ""8:scalar_summary"", ""locked_test_evaluated"": false, ""model_id"": ""caduceus"", ""train_count"": 3199, ""validation_count"": 801}, ""path"": ""research/runs/phase8_formal_features_20260922/caduceus/caduceus_layer_8_scalar_summary.jsonl"", ""sha256"": ""3503eb125817421031eb22278722f8338de01adc5df8e64be75be7b248c869f6""}}"
cad8_reverse,"{""accuracy"": 0.7253433208489388, ""auprc"": 0.24825386496603866, ""auroc"": 0.45712721013925833, ""balanced_accuracy"": 0.5, ""brier"": 0.20785332645449925, ""confusion_matrix"": {""fn"": 220, ""fp"": 0, ""tn"": 581, ""tp"": 0}, ""coverage"": 1.0, ""ece"": 0.09291181301938037, ""f1"": 0.0, ""max_calibration_gap"": 0.09291181301938037, ""mcc"": 0.0, ""n"": 801, ""n_negative"": 581, ""n_positive"": 220, ""nll"": 0.6138225006634571, ""precision"": 0.0, ""recall"": 0.0, ""sensitivity"": 0.0, ""specificity"": 1.0}","{""derived_from"": ""cad8"", ""indices"": [1], ""source"": {""metadata"": {""feature_artifact"": ""/Users/utkarshkhajuria/Desktop/EvoVariant/research/runs/phase8_formal_features_20260922/caduceus/caduceus_layer_8_scalar_summary.jsonl"", ""feature_artifact_sha256"": ""3503eb125817421031eb22278722f8338de01adc5df8e64be75be7b248c869f6"", ""layer"": ""8:scalar_summary"", ""locked_test_evaluated"": false, ""model_id"": ""caduceus"", ""train_count"": 3199, ""validation_count"": 801}, ""path"": ""research/runs/phase8_formal_features_20260922/caduceus/caduceus_layer_8_scalar_summary.jsonl"", ""sha256"": ""3503eb125817421031eb22278722f8338de01adc5df8e64be75be7b248c869f6""}}"
evo2_aggregate,"{""accuracy"": 0.7253433208489388, ""auprc"": 0.9740885506489425, ""auroc"": 0.9886402753872633, ""balanced_accuracy"": 0.5, ""brier"": 0.2078492399883032, ""confusion_matrix"": {""fn"": 220, ""fp"": 0, ""tn"": 581, ""tp"": 0}, ""coverage"": 1.0, ""ece"": 0.09290791473081902, ""f1"": 0.0, ""max_calibration_gap"": 0.09290791473081902, ""mcc"": 0.0, ""n"": 801, ""n_negative"": 581, ""n_positive"": 220, ""nll"": 0.6138087616327874, ""precision"": 0.0, ""recall"": 0.0, ""sensitivity"": 0.0, ""specificity"": 1.0}","{""derived_from"": ""evo2"", ""indices"": [0], ""source"": {""metadata"": {""feature_artifact"": ""/Users/utkarshkhajuria/Desktop/EvoVariant/research/runs/phase13_formal_evo2_20260922/combined_evo2_features_v2.jsonl"", ""feature_artifact_sha256"": ""1a1c8a3bac1fde7e8d60d5fb16345cb14b434a48eb9ec0e18dbc9e56d3ac865c"", ""layer"": ""phase13_combined_evo2"", ""locked_test_evaluated"": false, ""model_id"": ""evo2"", ""train_count"": 3199, ""validation_count"": 801}, ""path"": ""research/runs/phase13_formal_evo2_20260922/combined_evo2_features_v2.jsonl"", ""sha256"": ""1a1c8a3bac1fde7e8d60d5fb16345cb14b434a48eb9ec0e18dbc9e56d3ac865c""}}"
evo2_forward,"{""accuracy"": 0.7253433208489388, ""auprc"": 0.9599197163911813, ""auroc"": 0.9776326083554999, ""balanced_accuracy"": 0.5, ""brier"": 0.20784936235816343, ""confusion_matrix"": {""fn"": 220, ""fp"": 0, ""tn"": 581, ""tp"": 0}, ""coverage"": 1.0, ""ece"": 0.09290801970630466, ""f1"": 0.0, ""max_calibration_gap"": 0.09290801970630466, ""mcc"": 0.0, ""n"": 801, ""n_negative"": 581, ""n_positive"": 220, ""nll"": 0.6138091731104026, ""precision"": 0.0, ""recall"": 0.0, ""sensitivity"": 0.0, ""specificity"": 1.0}","{""derived_from"": ""evo2"", ""indices"": [1], ""source"": {""metadata"": {""feature_artifact"": ""/Users/utkarshkhajuria/Desktop/EvoVariant/research/runs/phase13_formal_evo2_20260922/combined_evo2_features_v2.jsonl"", ""feature_artifact_sha256"": ""1a1c8a3bac1fde7e8d60d5fb16345cb14b434a48eb9ec0e18dbc9e56d3ac865c"", ""layer"": ""phase13_combined_evo2"", ""locked_test_evaluated"": false, ""model_id"": ""evo2"", ""train_count"": 3199, ""validation_count"": 801}, ""path"": ""research/runs/phase13_formal_evo2_20260922/combined_evo2_features_v2.jsonl"", ""sha256"": ""1a1c8a3bac1fde7e8d60d5fb16345cb14b434a48eb9ec0e18dbc9e56d3ac865c""}}"
evo2_reverse,"{""accuracy"": 0.7253433208489388, ""auprc"": 0.9612880313223894, ""auroc"": 0.9866609294320138, ""balanced_accuracy"": 0.5, ""brier"": 0.2078491169632342, ""confusion_matrix"": {""fn"": 220, ""fp"": 0, ""tn"": 581, ""tp"": 0}, ""coverage"": 1.0, ""ece"": 0.09290780913087915, ""f1"": 0.0, ""max_calibration_gap"": 0.09290780913087915, ""mcc"": 0.0, ""n"": 801, ""n_negative"": 581, ""n_positive"": 220, ""nll"": 0.6138083481060012, ""precision"": 0.0, ""recall"": 0.0, ""sensitivity"": 0.0, ""specificity"": 1.0}","{""derived_from"": ""evo2"", ""indices"": [2], ""source"": {""metadata"": {""feature_artifact"": ""/Users/utkarshkhajuria/Desktop/EvoVariant/research/runs/phase13_formal_evo2_20260922/combined_evo2_features_v2.jsonl"", ""feature_artifact_sha256"": ""1a1c8a3bac1fde7e8d60d5fb16345cb14b434a48eb9ec0e18dbc9e56d3ac865c"", ""layer"": ""phase13_combined_evo2"", ""locked_test_evaluated"": false, ""model_id"": ""evo2"", ""train_count"": 3199, ""validation_count"": 801}, ""path"": ""research/runs/phase13_formal_evo2_20260922/combined_evo2_features_v2.jsonl"", ""sha256"": ""1a1c8a3bac1fde7e8d60d5fb16345cb14b434a48eb9ec0e18dbc9e56d3ac865c""}}"
evo2_without_orientation,"{""accuracy"": 0.7253433208489388, ""auprc"": 0.9740512906186709, ""auroc"": 0.9886637458926616, ""balanced_accuracy"": 0.5, ""brier"": 0.20784262906412265, ""confusion_matrix"": {""fn"": 220, ""fp"": 0, ""tn"": 581, ""tp"": 0}, ""coverage"": 1.0, ""ece"": 0.0929049361131401, ""f1"": 0.0, ""max_calibration_gap"": 0.0929049361131401, ""mcc"": 0.0, ""n"": 801, ""n_negative"": 581, ""n_positive"": 220, ""nll"": 0.613786537128235, ""precision"": 0.0, ""recall"": 0.0, ""sensitivity"": 0.0, ""specificity"": 1.0}","{""derived_from"": ""evo2"", ""indices"": [0, 1, 2], ""source"": {""metadata"": {""feature_artifact"": ""/Users/utkarshkhajuria/Desktop/EvoVariant/research/runs/phase13_formal_evo2_20260922/combined_evo2_features_v2.jsonl"", ""feature_artifact_sha256"": ""1a1c8a3bac1fde7e8d60d5fb16345cb14b434a48eb9ec0e18dbc9e56d3ac865c"", ""layer"": ""phase13_combined_evo2"", ""locked_test_evaluated"": false, ""model_id"": ""evo2"", ""train_count"": 3199, ""validation_count"": 801}, ""path"": ""research/runs/phase13_formal_evo2_20260922/combined_evo2_features_v2.jsonl"", ""sha256"": ""1a1c8a3bac1fde7e8d60d5fb16345cb14b434a48eb9ec0e18dbc9e56d3ac865c""}}"
foundation_without_caduceus,"{""accuracy"": 0.8139825218476904, ""auprc"": 0.8468278712554218, ""auroc"": 0.9192849319355344, ""balanced_accuracy"": 0.6656000625880144, ""brier"": 0.12560135400812394, ""confusion_matrix"": {""fn"": 146, ""fp"": 3, ""tn"": 578, ""tp"": 74}, ""coverage"": 1.0, ""ece"": 0.09953333264682485, ""f1"": 0.4983164983164983, ""max_calibration_gap"": 0.46623235378461797, ""mcc"": 0.5015049837002835, ""n"": 801, ""n_negative"": 581, ""n_positive"": 220, ""nll"": 0.3988782992650532, ""precision"": 0.961038961038961, ""recall"": 0.33636363636363636, ""sensitivity"": 0.33636363636363636, ""specificity"": 0.9948364888123924}","{""derived_from"": ""foundation_fusion"", ""indices"": [0, 1, 2, 3, 4, 5, 6, 7, 8, 9, 10, 11, 12, 13, 14, 15, 16, 17, 18, 19, 20, 21], ""source"": {""metadata"": {""feature_artifact"": ""/Users/utkarshkhajuria/Desktop/EvoVariant/research/runs/phase8_formal_features_20260922/foundation_fusion.jsonl"", ""feature_artifact_sha256"": ""8fb5e217da8f48c298951b3673f7e12e47d00662f79a9ff38edb778004acc1f7"", ""layer"": ""foundation_fusion"", ""locked_test_evaluated"": false, ""model_id"": ""formal_fusion"", ""train_count"": 3199, ""validation_count"": 801}, ""path"": ""research/runs/phase8_formal_features_20260922/foundation_fusion.jsonl"", ""sha256"": ""8fb5e217da8f48c298951b3673f7e12e47d00662f79a9ff38edb778004acc1f7""}}"
foundation_without_evo2,"{""accuracy"": 0.8202247191011236, ""auprc"": 0.8466798053055028, ""auroc"": 0.9193318729463308, ""balanced_accuracy"": 0.6769636989516508, ""brier"": 0.12389379767569599, ""confusion_matrix"": {""fn"": 141, ""fp"": 3, ""tn"": 578, ""tp"": 79}, ""coverage"": 1.0, ""ece"": 0.0931863149277066, ""f1"": 0.5231788079470199, ""max_calibration_gap"": 0.4308745339621123, ""mcc"": 0.5211253722604055, ""n"": 801, ""n_negative"": 581, ""n_positive"": 220, ""nll"": 0.3939494840628788, ""precision"": 0.9634146341463414, ""recall"": 0.35909090909090907, ""sensitivity"": 0.35909090909090907, ""specificity"": 0.9948364888123924}","{""derived_from"": ""foundation_fusion"", ""indices"": [4, 5, 6, 7, 8, 9, 10, 11, 12, 13, 14, 15, 16, 17, 18, 19, 20, 21, 22, 23, 24, 25, 26, 27, 28, 29, 30, 31, 32, 33, 34, 35, 36, 37, 38, 39], ""source"": {""metadata"": {""feature_artifact"": ""/Users/utkarshkhajuria/Desktop/EvoVariant/research/runs/phase8_formal_features_20260922/foundation_fusion.jsonl"", ""feature_artifact_sha256"": ""8fb5e217da8f48c298951b3673f7e12e47d00662f79a9ff38edb778004acc1f7"", ""layer"": ""foundation_fusion"", ""locked_test_evaluated"": false, ""model_id"": ""formal_fusion"", ""train_count"": 3199, ""validation_count"": 801}, ""path"": ""research/runs/phase8_formal_features_20260922/foundation_fusion.jsonl"", ""sha256"": ""8fb5e217da8f48c298951b3673f7e12e47d00662f79a9ff38edb778004acc1f7""}}"
foundation_without_nt,"{""accuracy"": 0.7253433208489388, ""auprc"": 0.9604934249291879, ""auroc"": 0.982170239399155, ""balanced_accuracy"": 0.5, ""brier"": 0.20950702485854567, ""confusion_matrix"": {""fn"": 220, ""fp"": 0, ""tn"": 581, ""tp"": 0}, ""coverage"": 1.0, ""ece"": 0.10147141975769078, ""f1"": 0.0, ""max_calibration_gap"": 0.10147141975769078, ""mcc"": 0.0, ""n"": 801, ""n_negative"": 581, ""n_positive"": 220, ""nll"": 0.6194888404087259, ""precision"": 0.0, ""recall"": 0.0, ""sensitivity"": 0.0, ""specificity"": 1.0}","{""derived_from"": ""foundation_fusion"", ""indices"": [0, 1, 2, 3, 22, 23, 24, 25, 26, 27, 28, 29, 30, 31, 32, 33, 34, 35, 36, 37, 38, 39], ""source"": {""metadata"": {""feature_artifact"": ""/Users/utkarshkhajuria/Desktop/EvoVariant/research/runs/phase8_formal_features_20260922/foundation_fusion.jsonl"", ""feature_artifact_sha256"": ""8fb5e217da8f48c298951b3673f7e12e47d00662f79a9ff38edb778004acc1f7"", ""layer"": ""foundation_fusion"", ""locked_test_evaluated"": false, ""model_id"": ""formal_fusion"", ""train_count"": 3199, ""validation_count"": 801}, ""path"": ""research/runs/phase8_formal_features_20260922/foundation_fusion.jsonl"", ""sha256"": ""8fb5e217da8f48c298951b3673f7e12e47d00662f79a9ff38edb778004acc1f7""}}"
foundation_without_orientation,"{""accuracy"": 0.8039950062421972, ""auprc"": 0.8562584288155036, ""auroc"": 0.9211156313565952, ""balanced_accuracy"": 0.6460061023314035, ""brier"": 0.13018114194582203, ""confusion_matrix"": {""fn"": 155, ""fp"": 2, ""tn"": 579, ""tp"": 65}, ""coverage"": 1.0, ""ece"": 0.10498943305618039, ""f1"": 0.45296167247386754, ""max_calibration_gap"": 0.5152912592653749, ""mcc"": 0.47077671970323304, ""n"": 801, ""n_negative"": 581, ""n_positive"": 220, ""nll"": 0.4094427877620044, ""precision"": 0.9701492537313433, ""recall"": 0.29545454545454547, ""sensitivity"": 0.29545454545454547, ""specificity"": 0.9965576592082617}","{""derived_from"": ""foundation_fusion"", ""indices"": [0, 1, 2, 4, 5, 6, 8, 9, 10, 11, 12, 14, 15, 16, 17, 18, 20, 21, 22, 23, 24, 26, 27, 28, 29, 30, 32, 33, 34, 35, 36, 38, 39], ""source"": {""metadata"": {""feature_artifact"": ""/Users/utkarshkhajuria/Desktop/EvoVariant/research/runs/phase8_formal_features_20260922/foundation_fusion.jsonl"", ""feature_artifact_sha256"": ""8fb5e217da8f48c298951b3673f7e12e47d00662f79a9ff38edb778004acc1f7"", ""layer"": ""foundation_fusion"", ""locked_test_evaluated"": false, ""model_id"": ""formal_fusion"", ""train_count"": 3199, ""validation_count"": 801}, ""path"": ""research/runs/phase8_formal_features_20260922/foundation_fusion.jsonl"", ""sha256"": ""8fb5e217da8f48c298951b3673f7e12e47d00662f79a9ff38edb778004acc1f7""}}"
nt16_aggregate,"{""accuracy"": 0.7253433208489388, ""auprc"": 0.9040992265518326, ""auroc"": 0.9484274761383195, ""balanced_accuracy"": 0.5, ""brier"": 0.20293646626248155, ""confusion_matrix"": {""fn"": 220, ""fp"": 0, ""tn"": 581, ""tp"": 0}, ""coverage"": 1.0, ""ece"": 0.08956972856016315, ""f1"": 0.0, ""max_calibration_gap"": 0.7916255719071309, ""mcc"": 0.0, ""n"": 801, ""n_negative"": 581, ""n_positive"": 220, ""nll"": 0.5979129927556022, ""precision"": 0.0, ""recall"": 0.0, ""sensitivity"": 0.0, ""specificity"": 1.0}","{""derived_from"": ""nt16"", ""indices"": [2], ""source"": {""metadata"": {""feature_artifact"": ""/Users/utkarshkhajuria/Desktop/EvoVariant/research/runs/phase8_formal_features_20260922/nucleotide_transformer/nucleotide_transformer_layer_16_scalar_summary.jsonl"", ""feature_artifact_sha256"": ""2111aefc86991cc6f345600a2a1a67e97eeb0450833ecad2e04d7a56558fc77b"", ""layer"": ""16:scalar_summary"", ""locked_test_evaluated"": false, ""model_id"": ""nucleotide_transformer"", ""train_count"": 3199, ""validation_count"": 801}, ""path"": ""research/runs/phase8_formal_features_20260922/nucleotide_transformer/nucleotide_transformer_layer_16_scalar_summary.jsonl"", ""sha256"": ""2111aefc86991cc6f345600a2a1a67e97eeb0450833ecad2e04d7a56558fc77b""}}"
nt16_forward,"{""accuracy"": 0.7253433208489388, ""auprc"": 0.8933354685738524, ""auroc"": 0.9435143170082929, ""balanced_accuracy"": 0.5, ""brier"": 0.20119153246097696, ""confusion_matrix"": {""fn"": 220, ""fp"": 0, ""tn"": 581, ""tp"": 0}, ""coverage"": 1.0, ""ece"": 0.08828137655623389, ""f1"": 0.0, ""max_calibration_gap"": 0.771417711857958, ""mcc"": 0.0, ""n"": 801, ""n_negative"": 581, ""n_positive"": 220, ""nll"": 0.5925740450921202, ""precision"": 0.0, ""recall"": 0.0, ""sensitivity"": 0.0, ""specificity"": 1.0}","{""derived_from"": ""nt16"", ""indices"": [0], ""source"": {""metadata"": {""feature_artifact"": ""/Users/utkarshkhajuria/Desktop/EvoVariant/research/runs/phase8_formal_features_20260922/nucleotide_transformer/nucleotide_transformer_layer_16_scalar_summary.jsonl"", ""feature_artifact_sha256"": ""2111aefc86991cc6f345600a2a1a67e97eeb0450833ecad2e04d7a56558fc77b"", ""layer"": ""16:scalar_summary"", ""locked_test_evaluated"": false, ""model_id"": ""nucleotide_transformer"", ""train_count"": 3199, ""validation_count"": 801}, ""path"": ""research/runs/phase8_formal_features_20260922/nucleotide_transformer/nucleotide_transformer_layer_16_scalar_summary.jsonl"", ""sha256"": ""2111aefc86991cc6f345600a2a1a67e97eeb0450833ecad2e04d7a56558fc77b""}}"
nt16_reverse,"{""accuracy"": 0.7253433208489388, ""auprc"": 0.8741879779557684, ""auroc"": 0.9355186981693006, ""balanced_accuracy"": 0.5, ""brier"": 0.20211921614871542, ""confusion_matrix"": {""fn"": 220, ""fp"": 0, ""tn"": 581, ""tp"": 0}, ""coverage"": 1.0, ""ece"": 0.08885226206503322, ""f1"": 0.0, ""max_calibration_gap"": 0.7322503572095795, ""mcc"": 0.0, ""n"": 801, ""n_negative"": 581, ""n_positive"": 220, ""nll"": 0.5954288589255778, ""precision"": 0.0, ""recall"": 0.0, ""sensitivity"": 0.0, ""specificity"": 1.0}","{""derived_from"": ""nt16"", ""indices"": [1], ""source"": {""metadata"": {""feature_artifact"": ""/Users/utkarshkhajuria/Desktop/EvoVariant/research/runs/phase8_formal_features_20260922/nucleotide_transformer/nucleotide_transformer_layer_16_scalar_summary.jsonl"", ""feature_artifact_sha256"": ""2111aefc86991cc6f345600a2a1a67e97eeb0450833ecad2e04d7a56558fc77b"", ""layer"": ""16:scalar_summary"", ""locked_test_evaluated"": false, ""model_id"": ""nucleotide_transformer"", ""train_count"": 3199, ""validation_count"": 801}, ""path"": ""research/runs/phase8_formal_features_20260922/nucleotide_transformer/nucleotide_transformer_layer_16_scalar_summary.jsonl"", ""sha256"": ""2111aefc86991cc6f345600a2a1a67e97eeb0450833ecad2e04d7a56558fc77b""}}"
nt24_aggregate,"{""accuracy"": 0.7340823970037453, ""auprc"": 0.8393238793132838, ""auroc"": 0.9123924268502581, ""balanced_accuracy"": 0.5159090909090909, ""brier"": 0.1786940368869278, ""confusion_matrix"": {""fn"": 213, ""fp"": 0, ""tn"": 581, ""tp"": 7}, ""coverage"": 1.0, ""ece"": 0.19366779786586252, ""f1"": 0.06167400881057269, ""max_calibration_gap"": 0.6324188190462118, ""mcc"": 0.1525862832935008, ""n"": 801, ""n_negative"": 581, ""n_positive"": 220, ""nll"": 0.5328349292867244, ""precision"": 1.0, ""recall"": 0.031818181818181815, ""sensitivity"": 0.031818181818181815, ""specificity"": 1.0}","{""derived_from"": ""nt24"", ""indices"": [2], ""source"": {""metadata"": {""feature_artifact"": ""/Users/utkarshkhajuria/Desktop/EvoVariant/research/runs/phase8_formal_features_20260922/nucleotide_transformer/nucleotide_transformer_layer_24_scalar_summary.jsonl"", ""feature_artifact_sha256"": ""000858fc5fc3b0008245a0867a1dc7cdb6d6efb675f5c1088d8e189822f22c5a"", ""layer"": ""24:scalar_summary"", ""locked_test_evaluated"": false, ""model_id"": ""nucleotide_transformer"", ""train_count"": 3199, ""validation_count"": 801}, ""path"": ""research/runs/phase8_formal_features_20260922/nucleotide_transformer/nucleotide_transformer_layer_24_scalar_summary.jsonl"", ""sha256"": ""000858fc5fc3b0008245a0867a1dc7cdb6d6efb675f5c1088d8e189822f22c5a""}}"
nt24_forward,"{""accuracy"": 0.7390761548064919, ""auprc"": 0.8320750670345951, ""auroc"": 0.9098889062744484, ""balanced_accuracy"": 0.525, ""brier"": 0.17020729072145663, ""confusion_matrix"": {""fn"": 209, ""fp"": 0, ""tn"": 581, ""tp"": 11}, ""coverage"": 1.0, ""ece"": 0.193293216456592, ""f1"": 0.09523809523809523, ""max_calibration_gap"": 0.6034776818653997, ""mcc"": 0.19176066306397196, ""n"": 801, ""n_negative"": 581, ""n_positive"": 220, ""nll"": 0.5120045529848701, ""precision"": 1.0, ""recall"": 0.05, ""sensitivity"": 0.05, ""specificity"": 1.0}","{""derived_from"": ""nt24"", ""indices"": [0], ""source"": {""metadata"": {""feature_artifact"": ""/Users/utkarshkhajuria/Desktop/EvoVariant/research/runs/phase8_formal_features_20260922/nucleotide_transformer/nucleotide_transformer_layer_24_scalar_summary.jsonl"", ""feature_artifact_sha256"": ""000858fc5fc3b0008245a0867a1dc7cdb6d6efb675f5c1088d8e189822f22c5a"", ""layer"": ""24:scalar_summary"", ""locked_test_evaluated"": false, ""model_id"": ""nucleotide_transformer"", ""train_count"": 3199, ""validation_count"": 801}, ""path"": ""research/runs/phase8_formal_features_20260922/nucleotide_transformer/nucleotide_transformer_layer_24_scalar_summary.jsonl"", ""sha256"": ""000858fc5fc3b0008245a0867a1dc7cdb6d6efb675f5c1088d8e189822f22c5a""}}"
nt24_reverse,"{""accuracy"": 0.7340823970037453, ""auprc"": 0.803056330587052, ""auroc"": 0.905539039273979, ""balanced_accuracy"": 0.5187333750586763, ""brier"": 0.1760037391681575, ""confusion_matrix"": {""fn"": 211, ""fp"": 2, ""tn"": 579, ""tp"": 9}, ""coverage"": 1.0, ""ece"": 0.1832629811552395, ""f1"": 0.07792207792207792, ""max_calibration_gap"": 0.5987616994641862, ""mcc"": 0.1436929769071134, ""n"": 801, ""n_negative"": 581, ""n_positive"": 220, ""nll"": 0.526276036613219, ""precision"": 0.8181818181818182, ""recall"": 0.04090909090909091, ""sensitivity"": 0.04090909090909091, ""specificity"": 0.9965576592082617}","{""derived_from"": ""nt24"", ""indices"": [1], ""source"": {""metadata"": {""feature_artifact"": ""/Users/utkarshkhajuria/Desktop/EvoVariant/research/runs/phase8_formal_features_20260922/nucleotide_transformer/nucleotide_transformer_layer_24_scalar_summary.jsonl"", ""feature_artifact_sha256"": ""000858fc5fc3b0008245a0867a1dc7cdb6d6efb675f5c1088d8e189822f22c5a"", ""layer"": ""24:scalar_summary"", ""locked_test_evaluated"": false, ""model_id"": ""nucleotide_transformer"", ""train_count"": 3199, ""validation_count"": 801}, ""path"": ""research/runs/phase8_formal_features_20260922/nucleotide_transformer/nucleotide_transformer_layer_24_scalar_summary.jsonl"", ""sha256"": ""000858fc5fc3b0008245a0867a1dc7cdb6d6efb675f5c1088d8e189822f22c5a""}}"
nt8_aggregate,"{""accuracy"": 0.7253433208489388, ""auprc"": 0.831096700566048, ""auroc"": 0.8814974182444062, ""balanced_accuracy"": 0.5, ""brier"": 0.20721724429569785, ""confusion_matrix"": {""fn"": 220, ""fp"": 0, ""tn"": 581, ""tp"": 0}, ""coverage"": 1.0, ""ece"": 0.09228060216737413, ""f1"": 0.0, ""max_calibration_gap"": 0.09228060216737413, ""mcc"": 0.0, ""n"": 801, ""n_negative"": 581, ""n_positive"": 220, ""nll"": 0.6116969766396124, ""precision"": 0.0, ""recall"": 0.0, ""sensitivity"": 0.0, ""specificity"": 1.0}","{""derived_from"": ""nt8"", ""indices"": [2], ""source"": {""metadata"": {""feature_artifact"": ""/Users/utkarshkhajuria/Desktop/EvoVariant/research/runs/phase8_formal_features_20260922/nucleotide_transformer/nucleotide_transformer_layer_8_scalar_summary.jsonl"", ""feature_artifact_sha256"": ""152aa64dbec6fd811036033720c8d0baa09808064525098cad7847da7b64f03c"", ""layer"": ""8:scalar_summary"", ""locked_test_evaluated"": false, ""model_id"": ""nucleotide_transformer"", ""train_count"": 3199, ""validation_count"": 801}, ""path"": ""research/runs/phase8_formal_features_20260922/nucleotide_transformer/nucleotide_transformer_layer_8_scalar_summary.jsonl"", ""sha256"": ""152aa64dbec6fd811036033720c8d0baa09808064525098cad7847da7b64f03c""}}"
nt8_forward,"{""accuracy"": 0.7253433208489388, ""auprc"": 0.800661520314732, ""auroc"": 0.8649350649350649, ""balanced_accuracy"": 0.5, ""brier"": 0.20683738442563146, ""confusion_matrix"": {""fn"": 220, ""fp"": 0, ""tn"": 581, ""tp"": 0}, ""coverage"": 1.0, ""ece"": 0.0919194594618078, ""f1"": 0.0, ""max_calibration_gap"": 0.0919194594618078, ""mcc"": 0.0, ""n"": 801, ""n_negative"": 581, ""n_positive"": 220, ""nll"": 0.6104405037843535, ""precision"": 0.0, ""recall"": 0.0, ""sensitivity"": 0.0, ""specificity"": 1.0}","{""derived_from"": ""nt8"", ""indices"": [0], ""source"": {""metadata"": {""feature_artifact"": ""/Users/utkarshkhajuria/Desktop/EvoVariant/research/runs/phase8_formal_features_20260922/nucleotide_transformer/nucleotide_transformer_layer_8_scalar_summary.jsonl"", ""feature_artifact_sha256"": ""152aa64dbec6fd811036033720c8d0baa09808064525098cad7847da7b64f03c"", ""layer"": ""8:scalar_summary"", ""locked_test_evaluated"": false, ""model_id"": ""nucleotide_transformer"", ""train_count"": 3199, ""validation_count"": 801}, ""path"": ""research/runs/phase8_formal_features_20260922/nucleotide_transformer/nucleotide_transformer_layer_8_scalar_summary.jsonl"", ""sha256"": ""152aa64dbec6fd811036033720c8d0baa09808064525098cad7847da7b64f03c""}}"
nt8_reverse,"{""accuracy"": 0.7253433208489388, ""auprc"": 0.7926262329705912, ""auroc"": 0.8638475981849476, ""balanced_accuracy"": 0.5, ""brier"": 0.20708654783740865, ""confusion_matrix"": {""fn"": 220, ""fp"": 0, ""tn"": 581, ""tp"": 0}, ""coverage"": 1.0, ""ece"": 0.09210756785812116, ""f1"": 0.0, ""max_calibration_gap"": 0.09210756785812116, ""mcc"": 0.0, ""n"": 801, ""n_negative"": 581, ""n_positive"": 220, ""nll"": 0.6112662251438209, ""precision"": 0.0, ""recall"": 0.0, ""sensitivity"": 0.0, ""specificity"": 1.0}","{""derived_from"": ""nt8"", ""indices"": [1], ""source"": {""metadata"": {""feature_artifact"": ""/Users/utkarshkhajuria/Desktop/EvoVariant/research/runs/phase8_formal_features_20260922/nucleotide_transformer/nucleotide_transformer_layer_8_scalar_summary.jsonl"", ""feature_artifact_sha256"": ""152aa64dbec6fd811036033720c8d0baa09808064525098cad7847da7b64f03c"", ""layer"": ""8:scalar_summary"", ""locked_test_evaluated"": false, ""model_id"": ""nucleotide_transformer"", ""train_count"": 3199, ""validation_count"": 801}, ""path"": ""research/runs/phase8_formal_features_20260922/nucleotide_transformer/nucleotide_transformer_layer_8_scalar_summary.jsonl"", ""sha256"": ""152aa64dbec6fd811036033720c8d0baa09808064525098cad7847da7b64f03c""}}"
